70,229.5127919911,25.4495272525031,70.1244479984622,0.124447998462216,-0.305960451537784,70.4769891500473,0.476989150047302
70,227.5456207955,26.0027941512656,70.2816168413621,0.281616841362109,-0.148791608637891,70.4769891500473,0.476989150047302
70,226.6515151515,26.2542613636406,70.35315462834,0.353154628339951,-0.077253821660049,70.5203604698181,0.520360469818115
70,229.8593938624,25.3520454762,70.0967881374831,0.096788137483131,-0.333620312516869,70.3662139177322,0.366213917732239
70,228.492364532,25.736522475375,70.2059371899491,0.205937189949054,-0.224471260050946,70.4313915967941,0.431391596794128
70,230.0323596981,25.3033988349094,70.0829885637825,0.08298856378245,-0.34741988621755,70.3580385446548,0.358038544654846
70,229.2429544387,25.5254190641156,70.1459885249656,0.145988524965588,-0.284419925034412,70.395519733429,0.395519733428955
70,228.5714114042,25.7142905425687,70.1996216863591,0.199621686359109,-0.230786763640891,70.4275667667389,0.427566766738892
70,229.1836842802,25.5420887961938,70.1507207124832,0.150720712483192,-0.279687737516808,70.3983092308044,0.398309230804443
70,227.1153005102,26.1238217315062,70.3160389806419,0.316038980641935,-0.114369469358065,70.4978138208389,0.497813820838928
70,228.5667670683,25.7155967620406,70.1999927348747,0.199992734874712,-0.230415715125288,70.4278188943863,0.427818894386292
70,229.3271191945,25.5017477265469,70.1392692133755,0.139269213375542,-0.291139236624458,70.3914749622345,0.391474962234497
70,227.4926746807,26.0176852460531,70.285851302826,0.285851302825947,-0.144557147174053,70.4795050621033,0.479505062103272
70,229.9702970297,25.3208539603969,70.0879397754426,0.08793977544255,-0.34246867455745,70.3609728813171,0.360972881317139
70,231.2170354265,24.9702087862969,69.9885374532559,-0.011462546744099,-0.441870996744099,70.3023612499237,0.302361249923706
70,229.7195632855,25.3913728259531,70.107945871014,0.10794587101401,-0.32246257898599,70.3728604316711,0.372860431671143
70,228.9900332226,25.5965531561438,70.1661839696741,0.166183969674137,-0.264224480325863,70.4075467586517,0.407546758651733
70,229.0521696434,25.5790772877938,70.1612219776607,0.161221977660716,-0.269186472339284,70.4045748710632,0.404574871063232
70,228.9625944828,25.6042703017125,70.1683752278364,0.16837522783635,-0.26203322216365,70.4088717699051,0.40887176990509
70,229.0122237894,25.5903120592313,70.1644118748988,0.164411874898775,-0.265996575101225,70.4064738750458,0.406473875045776
70,230.1621315193,25.2669005101969,70.0726366793573,0.072636679357345,-0.357771770642655,70.3519284725189,0.351928472518921
70,229.5281179865,25.4452168162969,70.1232247342703,0.123224734270337,-0.307183715729663,70.3819531202316,0.381953120231628
70,229.8888195268,25.3437695080875,70.094440326901,0.094440326901037,-0.335968123098963,70.3648245334625,0.364824533462524
70,229.594835966,25.4264523845625,70.1178997722874,0.117899772287373,-0.312508677712627,70.3787612915039,0.378761291503906
70,231.5530190141,24.8757134022844,69.9617709619334,-0.038229038066618,-0.468637488066618,70.2866917848587,0.286691784858704
70,228.449057809,25.7487024912187,70.209397422509,0.209397422508957,-0.221011027491043,70.4334300756455,0.433430075645447
70,227.5461048763,26.0026580035406,70.2815781271578,0.281578127157815,-0.148830322842185,70.476930141449,0.476930141448975
70,230.9638593095,25.0414145692031,70.0087130189275,0.00871301892748,-0.42169543107252,70.3142273426056,0.314227342605591
70,229.6331689701,25.4156712271594,70.1148404621935,0.114840462193541,-0.315567987806459,70.3769481182098,0.376948118209839
70,229.9617885634,25.3232469665437,70.0886185847536,0.088618584753562,-0.341789865246438,70.3614020347595,0.361402034759521
70,229.6553385747,25.4094360258656,70.1130711871425,0.113071187142467,-0.317337262857533,70.3758859634399,0.375885963439941
70,228.5364601981,25.7241205692844,70.2024140749218,0.202414074921776,-0.227994375078224,70.4292833805084,0.429283380508423
70,227.4825788247,26.0205247055531,70.2866587626646,0.286658762664601,-0.143749687335399,70.4800254106522,0.480025410652161
70,228.6149934811,25.7020330834406,70.1961398810449,0.196139881044942,-0.234268568955058,70.4254800081253,0.425480008125305
70,228.2184205659,25.8135692158406,70.2278280064254,0.227828006425398,-0.202580443574602,70.4444861412048,0.444486141204834
70,230.2718332022,25.2360469118812,70.0638868453163,0.06388684531629,-0.36652160468371,70.3467732667923,0.346773266792297
70,230.0284308011,25.3045038371906,70.0833019926227,0.08330199262268,-0.34710645737732,70.3582262992859,0.358226299285889
70,229.5330792268,25.4438214674625,70.1228287504898,0.122828750489816,-0.307579699510184,70.3817170858383,0.381717085838318
70,231.341274343,24.9352665910312,69.9786387652744,-0.021361234725603,-0.451769684725603,70.2965569496155,0.296556949615479
70,229.3893811205,25.4842365598594,70.1342988852675,0.134298885267498,-0.296109564732502,70.388503074646,0.388503074645996
70,228.6427027404,25.6942398542625,70.1939262464542,0.193926246454154,-0.236482203545846,70.4241818189621,0.424181818962097
70,230.4862774622,25.1757344637562,70.0467855160715,0.046785516071452,-0.383622933928548,70.336639881134,0.336639881134033
70,230.5275181724,25.1641355140125,70.0434971096809,0.043497109680885,-0.386911340319115,70.3346765041351,0.334676504135132
70,228.8051173273,25.6485607516969,70.1809525246778,0.180952524677835,-0.249455925322165,70.4164034128189,0.416403412818909
70,227.9326137144,25.893952392825,70.2506731951123,0.250673195112256,-0.179735254887744,70.4582726955414,0.458272695541382
70,229.2629903911,25.5197839525031,70.1443888987272,0.144388898727215,-0.286019551272785,70.3945487737656,0.394548773765564
70,227.3635113904,26.05401242145,70.2961823119278,0.296182311927794,-0.134226138072206,70.485759973526,0.485759973526001
70,230.405066649,25.1985750049688,70.0532614152001,0.053261415200126,-0.377147034799874,70.340416431427,0.340416431427002
70,226.0067637207,26.4355977035531,70.4047810943834,0.404781094383381,-0.025627355616619,70.5520051717758,0.552005171775818
70,229.3655296478,25.4909447865562,70.1362028956435,0.136202895643535,-0.294205554356465,70.3896564245224,0.3896564245224
70,229.9239646108,25.3338849532125,70.0916362674101,0.09163626741011,-0.33877218258989,70.3631615638733,0.363161563873291
70,226.5298430666,26.2884816375187,70.3628946028595,0.362894602859512,-0.067513847140488,70.5263686180115,0.526368618011475
70,228.8107204919,25.6469848616531,70.1805049801266,0.180504980126642,-0.249903469873358,70.4160976409912,0.416097640991211
70,228.6272262027,25.6985926304906,70.1951626269866,0.195162626986644,-0.235245823013356,70.4249060153961,0.424906015396118
70,229.6233251557,25.4184397999594,70.1156260736851,0.115626073685121,-0.314782376314879,70.3774201869965,0.37742018699646
70,230.0873491946,25.2879330390188,70.0786018919509,0.078601891950868,-0.351806558049132,70.3554368019104,0.3554368019104
70,229.1792930955,25.5433238168906,70.1510713202001,0.151071320200131,-0.279337129799869,70.3985559940338,0.398555994033813
70,229.4959628826,25.4542604392687,70.1257912573269,0.125791257326924,-0.304617192673076,70.3834444284439,0.383444428443909
70,227.7217601787,25.9532549497406,70.2675313896417,0.267531389641661,-0.162877060358339,70.468470454216,0.468470454216003
70,228.1333694605,25.8374898392344,70.234625649785,0.234625649785045,-0.195782800214955,70.4485738277435,0.44857382774353
70,228.9575780703,25.6056811677281,70.1687758451481,0.168775845148062,-0.261632604851938,70.4091185331345,0.40911853313446
70,228.0735444331,25.8543156281906,70.2394074657751,0.239407465775145,-0.191000984224855,70.4514867067337,0.451486706733704
70,230.3401260906,25.2168395370188,70.0584402766949,0.05844027669491,-0.37196817330509,70.3435277938843,0.343527793884277
70,230.8258608321,25.0802266409719,70.0197122736841,0.019712273684121,-0.410696176315879,70.3207290172577,0.32072901725769
70,232.4112706074,24.6343301416688,69.8934388436024,-0.106561156397646,-0.536969606397646,70.2468931674957,0.246893167495728
70,229.3534013211,25.4943558784406,70.1371710907066,0.137171090706602,-0.293237359293398,70.3902572393417,0.390257239341736
70,230.1364728808,25.274117002275,70.0746833586999,0.074683358699943,-0.355725091300057,70.3531515598297,0.353151559829712
70,228.4359519726,25.7523885077062,70.2104446161668,0.210444616166797,-0.219963833833203,70.434073805809,0.434073805809021
70,230.3833754127,25.2046756651781,70.0549912040622,0.054991204062219,-0.375417245937781,70.3415161371231,0.341516137123108
70,229.8512510475,25.3543356428906,70.0974378475073,0.09743784750728,-0.33297060249272,70.3666055202484,0.366605520248413
75,165.5229346782,43.4466746217563,75.3871451580608,0.387145158060846,-0.043263291939154,74.4339448213577,-0.566055178642273
75,165.8107817998,43.3657176188063,75.3628235844505,0.362823584450524,-0.067584865549476,74.4110012054443,-0.588998794555664
75,165.5917566241,43.4273184494719,75.3813295741493,0.381329574149262,-0.049078875850738,74.4284677505493,-0.571532249450684
75,165.0845477678,43.5699709403063,75.4241968980047,0.424196898004695,-0.006211551995305,74.4689208269119,-0.531079173088074
75,164.5295861497,43.7260538953969,75.471119214927,0.471119214927043,0.040710764927043,74.5133650302887,-0.486634969711304
75,165.3063078907,43.5076009057406,75.4054525380391,0.4054525380391,-0.0249559119609,74.4512021541595,-0.548797845840454
75,164.3920891806,43.7647249179563,75.4827477428802,0.48274774288015,0.05233929288015,74.5244371891022,-0.475562810897827
75,164.495460591,43.7356517087813,75.4740052009218,0.474005200921752,0.043596750921752,74.5161384344101,-0.483861565589905
75,165.8473778308,43.3554249850875,75.359731797745,0.359731797744999,-0.070676652255001,74.4081097841263,-0.591890215873718
75,164.5673915641,43.7154211225969,75.4679221128528,0.467922112852762,0.037513662852762,74.5103931427002,-0.489606857299805
75,165.7136767318,43.3930284191812,75.3710278516251,0.371027851625101,-0.059380598374899,74.4186991453171,-0.581300854682922
75,167.1278825996,42.9952830188625,75.2516043515603,0.251604351560317,-0.178804098439683,74.3065184354782,-0.69348156452179
75,165.6007284602,43.4247951205688,75.3805714598035,0.380571459803519,-0.049836990196481,74.4277167320251,-0.572283267974854
75,165.6889426657,43.3999848752719,75.3731176952235,0.373117695223456,-0.057290754776544,74.420657157898,-0.579342842102051
75,165.6481641736,43.411453826175,75.3765632596934,0.376563259693384,-0.053845190306616,74.4239401817322,-0.576059818267822
75,167.1460536773,42.9901724032594,75.2500707336084,0.250070733608368,-0.180337716391632,74.3051290512085,-0.694870948791504
75,164.1134385691,43.8430954024406,75.506317802516,0.506317802516023,0.075909352516023,74.5468497276306,-0.453150272369385
75,164.3039209594,43.7895222301688,75.4902050350594,0.490205035059432,0.059796585059432,74.5315289497376,-0.468471050262451
75,165.573956792,43.43232465225,75.3828336639345,0.382833663934505,-0.047574786065495,74.429857134819,-0.570142865180969
75,165.3163519168,43.5047760234,75.4046036384139,0.404603638413903,-0.025804811586097,74.4503974914551,-0.549602508544922
75,164.0580457194,43.8586746414187,75.5110038833937,0.511003883393698,0.080595433393698,74.5512861013413,-0.448713898658752
75,165.9090463349,43.3380807183094,75.3545219802047,0.35452198020468,-0.07588646979532,74.4031476974487,-0.59685230255127
75,164.5860051486,43.7101860519562,75.4663480461197,0.466348046119691,0.035939596119691,74.5088696479797,-0.491130352020264
75,164.7056770164,43.6765283391375,75.4562284725661,0.456228472566096,0.025820022566096,74.4992405176163,-0.500759482383728
75,165.7932542535,43.3706472412031,75.3643044161896,0.364304416189583,-0.066104033810417,74.41237449646,-0.587625503540039
75,164.5566450089,43.7184435912469,75.4688309106747,0.468830910674711,0.038422460674711,74.511256814003,-0.488743185997009
75,165.0775375677,43.5719425590844,75.4247894898992,0.424789489899212,-0.005618960100788,74.4694519042969,-0.530548095703125
75,165.1810446836,43.5428311827375,75.4160400667711,0.416040066771089,-0.014368383228911,74.4612389802933,-0.538761019706726
75,165.9558331756,43.3249219193625,75.350569545794,0.350569545793959,-0.079838904206041,74.3993979692459,-0.600602030754089
75,164.9354400473,43.6119074866969,75.4368020791779,0.436802079177852,0.006393629177852,74.4808727502823,-0.519127249717712
75,165.7379297389,43.3862072609344,75.3689786925535,0.368978692553497,-0.061429757446503,74.4167679548264,-0.583232045173645
75,164.838916989,43.6390545968438,75.4449626573949,0.44496265739491,0.01455420739491,74.4886028766632,-0.511397123336792
75,165.8398427905,43.3575442151719,75.3603683825338,0.360368382533778,-0.070040067466222,74.4086784124374,-0.591321587562561
75,166.956484951,43.0434886075313,75.2660711781159,0.266071178115851,-0.164337271884149,74.3201225996017,-0.679877400398254
75,165.3905892028,43.4838967867125,75.3983294647632,0.398329464763165,-0.032078985236835,74.4444805383682,-0.555519461631775
75,164.1085670785,43.8444655091719,75.5067299091135,0.506729909113517,0.076321459113517,74.5472145080566,-0.452785491943359
75,164.1616197601,43.8295444424719,75.5022419690102,0.502241969010157,0.071833519010157,74.5429873466492,-0.45701265335083
75,165.0850510897,43.5698293810219,75.4241543509141,0.424154350914122,-0.006254099085878,74.4688832759857,-0.531116724014282
75,164.5229790243,43.7279121494156,75.4716779712199,0.471677971219904,0.041269521219904,74.5139229297638,-0.486077070236206
75,165.0853069116,43.5697574311125,75.4241327256394,0.424132725639367,-0.006275724360633,74.4688993692398,-0.531100630760193
75,163.7426010587,43.9473934522406,75.5376933980034,0.53769339800337,0.10728494800337,74.5766866207123,-0.42331337928772
75,165.9128769455,43.3370033590781,75.3541983745168,0.354198374516827,-0.076210075483173,74.402841925621,-0.597158074378967
75,164.3437069017,43.7783324338969,75.486839866999,0.48683986699902,0.05643141699902,74.5283210277557,-0.471678972244263
75,164.6085052017,43.7038579120219,75.4644453482309,0.464445348230882,0.034036898230882,74.5070457458496,-0.492954254150391
75,164.8093736989,43.6473636471844,75.4474605266137,0.447460526613668,0.017052076613668,74.4909793138504,-0.509020686149597
75,164.859337494,43.6333113298125,75.443236147779,0.44323614777899,0.01282769777899,74.4869613647461,-0.513038635253906
75,163.1783374406,44.1060925948313,75.585451274732,0.585451274731952,0.155042824731952,74.6223056316376,-0.377694368362427
75,163.8889625256,43.906229289675,75.5253090758281,0.525309075828133,0.094900625828133,74.564922451973,-0.435077548027039
75,165.6895649139,43.3998098679656,75.3730651194165,0.373065119416466,-0.057343330583534,74.4206410646439,-0.57935893535614
75,163.4276990573,44.0359596401344,75.5643433967376,0.564343396737584,0.133934946737584,74.6021515130997,-0.39784848690033
75,165.5201058868,43.4474702193375,75.3873842028431,0.387384202843066,-0.043024247156934,74.4341325759888,-0.565867424011231
75,165.4389577056,43.4702931453,75.394241787186,0.394241787186033,-0.036166662813967,74.4406449794769,-0.559355020523071
75,166.0900622996,43.2871699782375,75.3392309987991,0.339230998799138,-0.091177451200862,74.3887442350388,-0.611255764961243
75,164.6381309078,43.6955256821813,75.4619401255187,0.46194012551868,0.03153167551868,74.5046585798264,-0.495341420173645
75,164.4985543683,43.7347815839156,75.4737435582038,0.473743558203793,0.043335108203793,74.5158916711807,-0.484108328819275
75,163.9118052641,43.8998047694719,75.5233763704775,0.523376370477479,0.092967920477479,74.563120007515,-0.436879992485046
75,165.6766406988,43.4034448034625,75.3741571342359,0.374157134235872,-0.056251315764128,74.4216817617416,-0.578318238258362
75,163.6402284264,43.976185755075,75.5463564417831,0.546356441783132,0.115947991783132,74.5849853754044,-0.415014624595642
75,165.1467952707,43.5524638301156,75.4189350816558,0.418935081655832,-0.011473368344168,74.4639748334885,-0.536025166511536
75,163.9374207675,43.8926004091406,75.521209103806,0.521209103805973,0.090800653805973,74.5610117912293,-0.438988208770752
75,164.4614833821,43.7452077987844,75.4768787158694,0.476878715869376,0.046470265869376,74.5188581943512,-0.481141805648804
75,164.0578956911,43.8587168368781,75.5110165756392,0.511016575639232,0.080608125639232,74.5513290166855,-0.448670983314514
75,167.0131990274,43.0275377735438,75.2612840110621,0.261284011062088,-0.169124438937912,74.3155628442764,-0.684437155723572
75,164.5646735215,43.7161855720781,75.4681519673095,0.468151967309538,0.037743517309538,74.510537981987,-0.489462018013001
75,164.1157306675,43.8424507497656,75.506123901641,0.506123901640976,0.075715451640976,74.5466619729996,-0.453338027000427
75,166.4759751613,43.1786319858844,75.3066388689629,0.30663886896285,-0.12376958103715,74.358167052269,-0.641832947731018
75,165.4212785979,43.4752653943406,75.3957358512072,0.395735851207206,-0.034672598792794,74.4420397281647,-0.557960271835327
75,165.4624428478,43.4636879490563,75.392257085728,0.392257085727948,-0.038151364272052,74.4387298822403,-0.561270117759705
75,164.4541392578,43.7472733337438,75.4774998317613,0.477499831761278,0.047091381761278,74.5194482803345,-0.480551719665527
75,165.770918053,43.3769292975938,75.366191540708,0.366191540707973,-0.064216909292027,74.414187669754,-0.585812330245972
75,163.6056240236,43.9859182433625,75.5492849108938,0.549284910893775,0.118876460893775,74.5877802371979,-0.412219762802124
75,167.0709236296,43.011302729175,75.2564117628299,0.256411762829856,-0.173996687170144,74.3110567331314,-0.688943266868591
75,166.2571611925,43.2401734146094,75.3251175306866,0.325117530686612,-0.105290919313388,74.3755048513413,-0.624495148658752
75,164.6536351966,43.6911651009563,75.460629067297,0.460629067296964,0.030220617296964,74.5034301280975,-0.496569871902466
75,164.0434911418,43.8627681163688,75.5122351930045,0.512235193004472,0.081826743004472,74.5524555444717,-0.447544455528259
75,163.3756658596,44.0505939769875,75.568747554979,0.568747554979041,0.138339104979041,74.6063411235809,-0.393658876419067
75,164.7297473997,43.6697585438344,75.4541931687322,0.454193168732161,0.023784718732161,74.4973522424698,-0.502647757530212
80,104.843960903,60.5126359960313,80.6226482265767,0.622648226576686,0.192239776576686,80.0289952754974,0.028995275497437
80,105.299005848,60.38465460525,80.5826760669336,0.582676066933615,0.152267616933615,79.9833065271378,-0.016693472862244
80,106.3371043376,60.09268940505,80.4915218596461,0.491521859646127,0.061113409646127,79.879247546196,-0.120752453804016
80,105.7270718892,60.2642610311625,80.5450822356295,0.545082235629508,0.114673785629508,79.9403536319733,-0.059646368026733
80,106.066723116,60.168734123625,80.5152590574799,0.515259057479909,0.084850607479909,79.9063271284103,-0.093672871589661
80,105.6580615152,60.28367019885,80.5511423448448,0.551142344844806,0.120733894844806,79.9473059177399,-0.052694082260132
80,105.3660876177,60.3657878575219,80.5767842364625,0.576784236462515,0.146375786462515,79.9766170978546,-0.023382902145386
80,104.2411887073,60.6821656760719,80.6756112546857,0.675611254685677,0.245202804685677,80.0895380973816,0.089538097381592
80,106.2404502676,60.1198733622375,80.5000068964132,0.500006896413225,0.069598446413225,79.8889034986496,-0.111096501350403
80,106.0030350785,60.1866463841719,80.5208508101728,0.52085081017276,0.09044236017276,79.9127054214478,-0.087294578552246
80,104.7618743838,60.5357228295563,80.6298598707964,0.629859870796395,0.199451420796395,80.0372350215912,0.037235021591187
80,104.4943188543,60.6109728222281,80.6533678221958,0.653367822195762,0.222959372195762,80.0641268491745,0.0641268491745
80,103.0347109427,61.0214875473656,80.7816675472001,0.781667547200129,0.351259097200129,80.2107578516007,0.210757851600647
80,104.2555744199,60.6781196944031,80.6743470556722,0.674347055672243,0.243938605672243,80.0880414247513,0.088041424751282
80,106.6797248804,59.9963273773875,80.4614473892725,0.461447389272479,0.031038939272479,79.8448723554611,-0.155127644538879
80,105.1242005238,60.4338186026813,80.5980302632164,0.59803026321643,0.16762181321643,80.0008642673492,0.000864267349243
80,104.5647884767,60.5911532409281,80.6471759151986,0.647175915198545,0.216767465198545,80.0570458173752,0.057045817375183
80,105.3622739018,60.3668604651188,80.5771191919363,0.577119191936319,0.146710741936319,79.9769872426987,-0.023012757301331
80,105.6218285079,60.2938607321531,80.5543242124959,0.554324212495899,0.123915762495899,79.9509537220001,-0.049046277999878
80,104.5959149699,60.5823989147156,80.6444410146918,0.644441014691807,0.214032564691807,80.0539022684097,0.053902268409729
80,107.2336914584,59.840524277325,80.4128326611938,0.412832661193761,-0.017575788806239,79.789377450943,-0.210622549057007
80,107.04924047,59.8924011178125,80.4290180770271,0.429018077027067,-0.001390372972933,79.8078578710556,-0.192142128944397
80,103.6735835859,60.8418046164656,80.7254990050793,0.725499005079342,0.295090555079342,80.1465135812759,0.14651358127594
80,105.8438945282,60.2314046639438,80.5348240044806,0.534824004480569,0.104415554480569,79.9286752939224,-0.071324706077576
80,106.4690391459,60.0555827402156,80.4799402881296,0.47994028812964,0.04953183812964,79.8660081624985,-0.133991837501526
80,105.2462149997,60.3995020313344,80.5873128588722,0.58731285887221,0.15690440887221,79.9886494874954,-0.011350512504578
80,105.3307926829,60.3757145579344,80.5798841858541,0.579884185854098,0.149475735854098,79.9801415205002,-0.019858479499817
80,106.2852073216,60.1072854408,80.4960777260811,0.496077726081126,0.065669276081126,79.8844242095947,-0.115575790405273
80,106.405243625,60.0735252304687,80.4855403224934,0.485540322493407,0.055131872493407,79.8723757266998,-0.127624273300171
80,104.572898601,60.5888722684688,80.6464633224926,0.646463322492565,0.216054872492565,80.0562036037445,0.056203603744507
80,106.2106613455,60.1282514965781,80.5026220816369,0.502622081636886,0.072213631636886,79.8918807506561,-0.108119249343872
80,105.7652476826,60.2535240892688,80.5417299403805,0.54172994038052,0.11132149038052,79.9365341663361,-0.063465833663941
80,104.455308328,60.62194453275,80.6567956286514,0.656795628651366,0.226387178651366,80.0680214166641,0.068021416664124
80,104.7802530743,60.5305538228531,80.6282451998907,0.628245199890714,0.197836749890714,80.035400390625,0.035400390625
80,104.3693198433,60.6461287940719,80.6643515681991,0.664351568199109,0.233943118199109,80.0766742229462,0.076674222946167
80,104.8015630309,60.5245603975594,80.6263730196436,0.626373019643594,0.195964569643594,80.0332653522491,0.033265352249146
80,104.9493986839,60.4829816201531,80.6133855161707,0.613385516170723,0.182977066170723,80.0184327363968,0.01843273639679
80,105.2857227735,60.3883904699531,80.5838427508605,0.583842750860526,0.153434300860526,79.9846798181534,-0.015320181846619
80,104.6454157658,60.5684768158688,80.6400917616916,0.640091761691608,0.209683311691608,80.0489455461502,0.048945546150208
80,103.5298791215,60.8822214970781,80.7381316814235,0.738131681423525,0.307723231423525,80.1609814167023,0.160981416702271
80,105.2670069978,60.3936542818687,80.585486615187,0.58548661518698,0.15507816518698,79.9865305423737,-0.013469457626343
80,105.7809397368,60.249110699025,80.5403520076485,0.540352007648536,0.109943557648536,79.9349784851074,-0.065021514892578
80,106.8644099035,59.9443847146406,80.4452383473169,0.44523834731686,0.01482989731686,79.8263812065125,-0.173618793487549
80,105.8478017114,60.2303057686687,80.5344809241254,0.534480924125376,0.104072474125376,79.9282944202423,-0.071705579757691
80,104.8165334606,60.5203499642063,80.625057808828,0.625057808828032,0.194649358828032,80.0317579507828,0.031757950782776
80,106.9731479397,59.9138021419594,80.4356955806406,0.435695580640584,0.005287130640584,79.8154753446579,-0.184524655342102
80,106.814620802,59.9583878994375,80.4496079793125,0.449607979312503,0.019199529312503,79.8313647508621,-0.168635249137878
80,105.4555956237,60.3406137308344,80.5689230099415,0.568923009941514,0.138514559941514,79.9676424264908,-0.032357573509216
80,106.2460808457,60.1182897621469,80.4995125894732,0.499512589473241,0.069104139473241,79.8883724212647,-0.111627578735352
80,105.63345921,60.2905895971875,80.5533028347598,0.553302834759805,0.122894384759805,79.9497735500336,-0.050226449966431
80,104.9265999759,60.4893937567781,80.6153883410268,0.615388341026772,0.184979891026772,80.0207018852234,0.020701885223389
80,104.8946768289,60.4983721418719,80.6181927700702,0.618192770070237,0.187784320070237,80.0239151716232,0.02391517162323
80,105.2072616342,60.4104576653813,80.5907343394578,0.590734339457811,0.160325889457811,79.9925225973129,-0.007477402687073
80,107.2864037178,59.8256989543688,80.4082074893402,0.408207489340228,-0.022200960659772,79.7840827703476,-0.215917229652405
80,105.8949922914,60.2170334180438,80.5303372869537,0.530337286953682,0.099928836953682,79.923557639122,-0.076442360877991
80,106.2133908046,60.1274838362063,80.5023824593169,0.502382459316891,0.071974009316891,79.8916447162628,-0.108355283737183
80,107.0730421687,59.8857068900531,80.4269294117016,0.426929411701565,-0.003479038298435,79.8054546117783,-0.194545388221741
80,106.1593354617,60.1426869013969,80.5071281018029,0.507128101802905,0.076719651802905,79.8970413208008,-0.102958679199219
80,105.5337129841,60.3186432232219,80.5620624833287,0.562062483328688,0.131654033328688,79.959762096405,-0.040237903594971
80,107.5827628362,59.7423479523188,80.3822061765198,0.382206176519745,-0.048202273480255,79.754433631897,-0.245566368103027
80,104.3615218175,60.6483219888281,80.6650368088492,0.665036808849195,0.234628358849195,80.0774359703064,0.077435970306397
80,104.7218931371,60.5469675551906,80.6333724991336,0.633372499133628,0.202964049133628,80.0412529706955,0.041252970695496
80,104.8623908826,60.5074525642687,80.6210291169477,0.621029116947653,0.190620666947653,80.0271606445313,0.02716064453125
80,106.3301926935,60.0946333049531,80.4921286028915,0.492128602891512,0.061720152891512,79.8799180984497,-0.120081901550293
80,105.2064819056,60.41067696405,80.5908028278455,0.590802827845522,0.160394377845522,79.9926298856735,-0.007370114326477
80,104.9499392326,60.4828295908313,80.6133380302356,0.613338030235639,0.182929580235639,80.0183522701263,0.018352270126343
80,105.8426387119,60.2317578622781,80.5349342748336,0.534934274833546,0.104525824833546,79.928782582283,-0.07121741771698
80,103.6752631579,60.8413322368406,80.7253513637581,0.725351363758108,0.294942913758108,80.1463741064072,0.146374106407166
80,105.6128599385,60.2963831422969,80.5551118128615,0.555111812861526,0.124703362861526,79.9518442153931,-0.048155784606934
80,105.3194345872,60.37890902235,80.5808817777141,0.580881777714069,0.150473327714069,79.9812948703766,-0.018705129623413
80,105.0456657679,60.4559065027781,80.6049288839368,0.604928883936779,0.174520433936779,80.008739233017,0.008739233016968
80,108.0974557764,59.5975905628875,80.3370586727557,0.337058672755674,-0.093349777244326,79.702924489975,-0.297075510025024
80,106.5804299481,60.0242540770969,80.4701627327297,0.470162732729719,0.039754282729719,79.8548287153244,-0.145171284675598
80,105.4416035885,60.3445489907344,80.5701518658715,0.57015186587148,0.13974341587148,79.9690318107605,-0.030968189239502
80,106.5827965804,60.0235884617625,80.4699550028166,0.469955002816619,0.039546552816619,79.854581952095,-0.145418047904968
80,104.2190634493,60.6883884048844,80.6775556134598,0.677555613459816,0.247147163459816,80.091764330864,0.091764330863953
80,105.8070292582,60.2417730211313,80.5380610888513,0.538061088851251,0.107652638851251,79.9323445558548,-0.067655444145203
80,106.9508330897,59.9200781935219,80.4376538711042,0.437653871104232,0.007245421104232,79.8177230358124,-0.182276964187622
80,104.5157913626,60.6049336792688,80.6514810883852,0.651481088385182,0.221072638385182,80.0619381666184,0.061938166618347
80,105.1190270936,60.435273629925,80.5984846972804,0.598484697280441,0.168076247280441,80.0014007091522,0.001400709152222
80,105.0722267489,60.4484362268719,80.6025956933843,0.602595693384316,0.172187243384316,80.0060945749283,0.006094574928284
80,105.8306154362,60.2351394085687,80.5359900147164,0.535990014716376,0.105581564716376,79.9300110340118,-0.069988965988159
80,103.860343455,60.7892784032812,80.7090828022811,0.709082802281074,0.278674352281074,80.1277810335159,0.12778103351593
80,107.548483401,59.7519890434688,80.3852135068589,0.385213506858904,-0.045194943141096,79.757866859436,-0.242133140563965
80,103.74955009,60.8204390371875,80.718821359677,0.718821359676994,0.288412909676994,80.1389175653458,0.138917565345764
80,107.2270452764,59.8423935160125,80.4134158311494,0.413415831149351,-0.016992618850649,79.7900533676147,-0.209946632385254
80,102.9822674075,61.0362372916406,80.7862790845707,0.786279084570708,0.355870634570708,80.2160149812698,0.216014981269836
80,107.6912654944,59.7118315797,80.3726876053111,0.372687605311114,-0.057720844688886,79.7435706853867,-0.256429314613342
80,106.3935370883,60.0768176939156,80.4865679538705,0.486567953870519,0.056159503870519,79.8735827207565,-0.126417279243469
80,103.8870150689,60.7817770118719,80.7067384914607,0.706738491460726,0.276330041460726,80.1251095533371,0.125109553337097
80,105.240680951,60.4010584825313,80.587798939578,0.587798939578022,0.157390489578022,79.9891805648804,-0.010819435119629
80,104.7144080759,60.5490727286531,80.6340301212926,0.634030121292597,0.203621671292597,80.0419932603836,0.041993260383606
80,105.1052692397,60.4391430263344,80.5996931928554,0.599693192855355,0.169284742855355,80.0027900934219,0.002790093421936
80,105.6199270538,60.2943955161187,80.5544911937812,0.554491193781203,0.124082743781203,79.9511629343033,-0.048837065696716
80,105.5099065631,60.3253387791281,80.5641532135402,0.564153213540237,0.133744763540237,79.9621546268463,-0.037845373153687
80,106.3194890009,60.0976437184969,80.4930682378681,0.493068237868059,0.062659787868059,79.8809963464737,-0.119003653526306
80,104.3756639901,60.6443445027844,80.6637940871279,0.663794087127855,0.233385637127855,80.0760358572006,0.076035857200623
80,105.2019581056,60.4119492828,80.5912001817271,0.591200181727118,0.160791731727118,79.99307513237,-0.006924867630005
80,106.3862391141,60.0788702491594,80.4872085928626,0.487208592862615,0.056800142862615,79.8742908239365,-0.125709176063538
80,105.0231991719,60.4622252329031,80.6069024368521,0.60690243685211,0.17649398685211,80.0110137462616,0.011013746261597
80,104.9889915818,60.4718461176188,80.609907407411,0.609907407411015,0.179498957411015,80.0144362449646,0.0144362449646
85,48.5129542122,76.3557316278188,85.6302811292121,0.630281129212094,0.199872679212094,85.5026113986969,0.502611398696899
85,48.4678033349,76.3684303120594,85.6343322851183,0.634332285118319,0.203923835118319,85.5066615343094,0.506661534309387
85,49.0419680822,76.2069464768813,85.5828187083577,0.582818708357664,0.152410258357664,85.4553562402725,0.455356240272522
85,48.9743907699,76.2259525959656,85.5888813179181,0.588881317918066,0.158472867918066,85.4614287614822,0.461428761482239
85,47.7289644013,76.5762287621344,85.7006306856493,0.700630685649259,0.270222235649259,85.5724561214447,0.572456121444702
85,47.7118841193,76.5810325914469,85.7021634915511,0.702163491551104,0.271755041551104,85.5739635229111,0.573963522911072
85,49.0185493597,76.2135329925844,85.584919676985,0.584919676984981,0.154511226984981,85.4574483633041,0.457448363304138
85,47.1665853791,76.7343978621281,85.7511025113015,0.751102511301539,0.320694061301539,85.6223827600479,0.622382760047913
85,49.4441248064,76.0938398982,85.5467418019521,0.546741801952095,0.116333351952095,85.4193770885468,0.419377088546753
85,48.4820740271,76.3644166798781,85.6330518446049,0.63305184460485,0.20264339460485,85.5053848028183,0.505384802818298
85,49.3375778774,76.1238062219813,85.5562996317071,0.556299631707049,0.125891181707049,85.4289096593857,0.428909659385681
85,48.6963755829,76.3041443673094,85.6138241239291,0.613824123929135,0.183415673929135,85.48623919487,0.486239194869995
85,48.4714017415,76.3674182602031,85.6340094170045,0.634009417004464,0.203600967004464,85.5063289403915,0.506328940391541
85,48.4265094075,76.3800442291406,85.6380374150476,0.638037415047606,0.207628965047606,85.5103254318237,0.510325431823731
85,49.0392222038,76.2077187551813,85.5830650492907,0.583065049290667,0.152656599290667,85.455624461174,0.455624461174011
85,49.1263971529,76.1832008007469,85.5752444047648,0.575244404764817,0.144835954764817,85.4478138685226,0.447813868522644
85,47.7981112277,76.5567812172094,85.6944254258605,0.694425425860487,0.264016975860487,85.5663031339645,0.566303133964539
85,48.0800881705,76.4774752020469,85.6691217680677,0.669121768067669,0.238713318067669,85.5411976575851,0.541197657585144
85,47.8854218811,76.5322250959406,85.6865902826146,0.686590282614588,0.256181832614588,85.5585354566574,0.55853545665741
85,47.5097774781,76.6378750842844,85.7203012620567,0.72030126205668,0.28989281205668,85.5919450521469,0.591945052146912
85,48.891942245,76.2491412435938,85.5962782127559,0.596278212755863,0.165869762755863,85.4687941074371,0.468794107437134
85,48.4931724177,76.3612952575219,85.6320560424639,0.632056042463859,0.201647592463859,85.5044084787369,0.504408478736877
85,48.3950030069,76.3889054043094,85.6408643760659,0.640864376065906,0.210455926065906,85.5131417512894,0.513141751289368
85,49.1130350613,76.1869588890094,85.5764431348551,0.576443134855097,0.146034684855097,85.4490101337433,0.449010133743286
85,47.2292083611,76.7167851484406,85.7454819587185,0.745481958718514,0.315073508718514,85.6168520450592,0.616852045059204
85,48.7810977946,76.2803162452687,85.6062228885574,0.606222888557397,0.175814438557397,85.4787129163742,0.478712916374207
85,48.4974353378,76.3600963112438,85.6316735530277,0.63167355302771,0.20126510302771,85.5040061473846,0.504006147384644
85,49.793499044,75.995578393875,85.5154028080883,0.515402808088254,0.084994358088254,85.3880435228348,0.388043522834778
85,49.4704361874,76.0864398222938,85.544381568477,0.544381568476979,0.113973118476979,85.4170006513596,0.417000651359558
85,49.072743106,76.1982910014375,85.5800578004701,0.580057800470087,0.149649350470087,85.4526042938232,0.452604293823242
85,48.5284736753,76.3513667788219,85.6288886577475,0.628888657747496,0.198480207747496,85.5012434720993,0.501243472099304
85,49.7278664731,76.0140375544406,85.521289868592,0.521289868592021,0.090881418592021,85.3939390182495,0.393939018249512
85,48.4422299249,76.3756228336219,85.6366268750193,0.636626875019289,0.206218425019289,85.508930683136,0.508930683135986
85,48.3536243969,76.4005431383719,85.6445771687983,0.644577168798264,0.214168718798264,85.516848564148,0.516848564147949
85,48.5102716335,76.3564861030781,85.6305218219734,0.630521821973431,0.200113371973431,85.5028581619263,0.50285816192627
85,47.868785004,76.536904217625,85.6880832416367,0.688083241636733,0.257674791636733,85.5600267648697,0.56002676486969
85,47.8110372563,76.5531457716656,85.6932654508666,0.693265450866562,0.262857000866562,85.5651497840881,0.565149784088135
85,48.6064238601,76.3294432893469,85.6218947177925,0.621894717792472,0.191486267792472,85.4942804574966,0.494280457496643
85,48.3469465235,76.4024212902656,85.6451763600707,0.645176360070664,0.214767910070664,85.5174440145493,0.517444014549255
85,49.6354788069,76.0400215855594,85.5295769478661,0.529576947866062,0.099168497866062,85.4021894931793,0.402189493179321
85,48.6021188935,76.3306540612031,85.6222809697596,0.622280969759586,0.191872519759586,85.4946666955948,0.494666695594788
85,47.7757014408,76.563083969775,85.696436476705,0.69643647670496,0.26602802670496,85.5683201551437,0.568320155143738
85,49.793989824,75.995440362,85.5153587868338,0.515358786833758,0.084950336833758,85.3880167007446,0.388016700744629
85,47.2658058771,76.7064920970656,85.7421972878422,0.74219728784216,0.31178883784216,85.6135958433151,0.613595843315125
85,47.8754649846,76.5350254730812,85.6874837932563,0.687483793256305,0.257075343256305,85.5594313144684,0.559431314468384
85,49.1231079196,76.1841258976125,85.5755394856726,0.575539485672607,0.145131035672607,85.4481142759323,0.448114275932312
85,48.4954113315,76.3606655630156,85.6318551564364,0.631855156436401,0.201446706436401,85.5041831731796,0.504183173179626
85,48.4319938176,76.3785017388,85.6375453199568,0.637545319956757,0.207136869956757,85.5098587274551,0.509858727455139
85,47.8151666955,76.5519843668906,85.6928948779146,0.692894877914625,0.262486427914625,85.5647903680801,0.564790368080139
85,48.0008371704,76.499764545825,85.6762333143796,0.676233314379644,0.245824864379644,85.5482625961304,0.548262596130371
85,48.4015323969,76.3870690133719,85.6402785145996,0.640278514599586,0.209870064599586,85.5125731229782,0.51257312297821
85,49.6680661244,76.0308564025125,85.5266538773648,0.526653877364765,0.096245427364765,85.3992873430252,0.399287343025208
85,48.0339779307,76.4904437069906,85.6732594296433,0.673259429643309,0.242850979643309,85.5453282594681,0.545328259468079
85,47.1761207952,76.73171602635,85.7502466811068,0.750246681106788,0.319838231106788,85.6215566396713,0.621556639671326
85,49.4813308479,76.0833756990281,85.5434042793827,0.543404279382656,0.112995829382656,85.4160296916962,0.416029691696167
85,48.9822795653,76.2237338722594,85.5881735799247,0.588173579924728,0.157765129924728,85.4606992006302,0.460699200630188
85,56.4557887439,74.1218094157781,84.9183286715733,-0.081671328426708,-0.512079778426708,84.78167116642,-0.218328833580017
85,48.9508454368,76.2325747209,85.5909936797199,0.590993679719858,0.160585229719858,85.4635208845139,0.463520884513855
85,48.4105812221,76.3845240312844,85.6394665937096,0.639466593709585,0.209058143709585,85.5117630958557,0.511763095855713
85,49.7567096906,76.0059253995187,85.5187026998933,0.518702699893339,0.088294249893339,85.3913426399231,0.391342639923096
85,47.9815630321,76.5051853972219,85.677962889108,0.677962889107988,0.247554439107988,85.550000667572,0.550000667572022
85,49.7299774763,76.0134438347906,85.5211005159545,0.521100515954487,0.090692065954487,85.3937298059464,0.39372980594635
85,48.5032609312,76.3584578631,85.6311508537527,0.631150853752715,0.200742403752715,85.5034857988358,0.503485798835754
85,49.6615926327,76.0326770720531,85.5272345453539,0.527234545353863,0.096826095353863,85.3998774290085,0.399877429008484
85,48.5934464665,76.3330931812969,85.6230590819985,0.623059081998477,0.192650631998477,85.4954338073731,0.495433807373047
85,48.4828018534,76.3642119787312,85.6329865403718,0.632986540371761,0.202578090371761,85.505336523056,0.50533652305603
85,48.4459190801,76.3745852587219,85.63629586244,0.636295862439994,0.205887412439994,85.5085980892181,0.50859808921814
85,49.1114316625,76.1874098449219,85.5765869780445,0.576586978044489,0.146178528044489,85.4491549730301,0.44915497303009
85,47.4056598783,76.6671581592281,85.7296454822782,0.729645482278201,0.299237032278201,85.6011933088303,0.601193308830261
85,48.5734988516,76.3387034479875,85.6248488389525,0.624848838952488,0.194440388952488,85.497225522995,0.497225522994995
85,48.806094993,76.2732857832188,85.6039801817448,0.603980181744831,0.173571731744831,85.4764544963837,0.476454496383667
85,49.2317220876,76.1535781628625,85.5657957079891,0.565795707989068,0.135387257989068,85.4384100437164,0.438410043716431
85,49.7344299607,76.0121915735531,85.5207011375992,0.520701137599161,0.090292687599161,85.3933274745941,0.393327474594116
85,49.0994359031,76.1907836522531,85.5776631364732,0.57766313647322,0.14725468647322,85.4502332210541,0.450233221054077
90,-4.7049368542,91.3232634902438,90.4246046960928,0.424604696092786,-0.005803753907214,89.7822421789169,-0.217757821083069
90,-4.049732354,91.1389872245625,90.3654764315776,0.365476431577576,-0.064932018422424,89.7328090667725,-0.267190933227539
90,-6.5125236151,91.8316472667469,90.5877234550561,0.587723455056121,0.157315005056121,89.9186700582504,-0.081329941749573
90,-4.6637311287,91.3116743799469,90.4208861525906,0.420886152590569,-0.009522297409431,89.7791254520416,-0.220874547958374
90,-5.2624148607,91.4800541795719,90.474913025273,0.474913025273011,0.044504575273011,89.8243099451065,-0.175690054893494
90,-4.6244720419,91.3006327617844,90.4173432770245,0.417343277024514,-0.013065172975486,89.7761696577072,-0.223830342292786
90,-3.9870830124,91.1213670972375,90.3598226626233,0.359822662623301,-0.070585787376699,89.7280883789063,-0.27191162109375
90,-5.1021581804,91.4349819882375,90.4604510988422,0.460451098842171,0.030042648842171,89.8122078180313,-0.187792181968689
90,-4.5578835698,91.2819047540063,90.4113340960695,0.411334096069538,-0.019074353930462,89.7711485624313,-0.228851437568665
90,-4.7221204348,91.3280963722875,90.4261553992471,0.426155399247122,-0.004253050752878,89.7835403680801,-0.216459631919861
90,-5.2933584297,91.4887570583531,90.477705436233,0.477705436233009,0.047296986233009,89.8266381025314,-0.173361897468567
90,-3.9824025857,91.1200507272281,90.3594002787929,0.359400278792876,-0.071008171207124,89.7277396917343,-0.272260308265686
90,-1.4271108179,90.4013749175344,90.1287940829837,0.128794082983688,-0.301614367016312,89.534974694252,-0.465025305747986
90,-2.6296994926,90.7396029822938,90.2373245048123,0.237324504812321,-0.193083945187679,89.6257138252258,-0.37428617477417
90,-4.5172158916,91.2704669695125,90.4076640954438,0.407664095443835,-0.022744354556165,89.7680801153183,-0.231919884681702
90,-5.846212265,91.6442471995313,90.5275957021116,0.52759570211164,0.09718725211164,89.8683571815491,-0.131642818450928
90,-3.2513250883,90.9144351810844,90.2934239390785,0.293423939078522,-0.136984510921478,89.6725881099701,-0.327411890029907
90,-4.0313370474,91.1338135445812,90.363816353997,0.363816353997038,-0.066592096002962,89.7314196825027,-0.268580317497253
90,-3.8566335625,91.0846781894531,90.3480502731317,0.348050273131747,-0.082358176868253,89.7182393074036,-0.281760692596436
90,-5.3820995146,91.5137154884813,90.4857136006173,0.485713600617316,0.055305150617316,89.8333328962326,-0.166667103767395
90,-4.6411471625,91.3053226394531,90.4188480978831,0.418848097883057,-0.011560352116943,89.7774356603622,-0.222564339637756
90,-4.5941148439,91.2920947998469,90.4146037364552,0.414603736455163,-0.015804713544837,89.7738790512085,-0.226120948791504
90,-5.8875163399,91.6558639705969,90.5313230056185,0.531323005618447,0.100914555618447,89.8714739084244,-0.128526091575623
90,-6.632830661,91.8654836234063,90.5985797956684,0.598579795668414,0.168171345668414,89.9277412891388,-0.072258710861206
90,-3.915272531,91.1011703993438,90.3533421410481,0.353342141048074,-0.077066308951926,89.7226649522781,-0.277335047721863
90,-4.6389247035,91.3046975728594,90.4186475354893,0.418647535489242,-0.011760914510758,89.7772532701492,-0.222746729850769
90,-5.1567546278,91.4503372390687,90.4653780128093,0.46537801280931,0.03496956280931,89.8163223266602,-0.183677673339844
90,-2.7094033474,90.7620196914563,90.2445175136081,0.244517513608059,-0.185890936391941,89.6317058801651,-0.3682941198349
90,-4.7309200603,91.3305712669594,90.4269495063187,0.42694950631865,-0.00345894368135,89.7842055559158,-0.215794444084167
90,-4.6383405212,91.3045332715875,90.4185948168545,0.41859481685448,-0.01181363314552,89.777210354805,-0.222789645195007
90,-5.3718351388,91.5108286327875,90.4847873247757,0.484787324775652,0.054378874775652,89.8325604200363,-0.167439579963684
90,-5.853656928,91.646341011,90.5282675131191,0.528267513119118,0.097859063119118,89.8689150810242,-0.13108491897583
90,-4.6696866963,91.3133493833344,90.4214236032966,0.421423603296631,-0.008984846703369,89.7795814275742,-0.220418572425842
90,-3.9609882965,91.1140279583906,90.3574677516096,0.357467751609647,-0.072940698390353,89.7261250019074,-0.273874998092651
90,-3.9477909147,91.1103161947594,90.3562767567782,0.3562767567782,-0.0741316932218,89.7251272201538,-0.274872779846191
90,-4.6877210399,91.3184215424719,90.4230510834389,0.423051083438921,-0.007357366561079,89.7809439897537,-0.219056010246277
90,-5.2612505765,91.4797267246406,90.4748079578412,0.474807957841193,0.044399507841193,89.824213385582,-0.17578661441803
90,-5.3256655768,91.497843443475,90.4806208968481,0.480620896848066,0.050212446848066,89.829073548317,-0.170926451683044
90,-4.6155621497,91.2981268546031,90.4165392171386,0.416539217138578,-0.013869232861422,89.7754991054535,-0.224500894546509
90,-5.901845958,91.6598941756875,90.5326161175594,0.532616117559357,0.102207667559357,89.8725575208664,-0.127442479133606
90,-6.3907081585,91.7973866695781,90.5767309545622,0.576730954562194,0.146322504562194,89.9094700813293,-0.090529918670654
90,-5.7095196624,91.60580240505,90.515260451258,0.51526045125803,0.08485200125803,89.8580414056778,-0.141958594322205
90,-5.8928891736,91.657375080075,90.531807852896,0.53180785289598,0.10139940289598,89.8718816041946,-0.128118395805359
90,-5.9132032438,91.6630884123188,90.5336410043539,0.53364100435391,0.10323255435391,89.8734104633331,-0.12658953666687
90,-3.8885217817,91.0936467511031,90.3509280230639,0.350928023063901,-0.079480426936099,89.7206425666809,-0.279357433319092
90,-4.5859688059,91.2898037266594,90.4138686089447,0.413868608944725,-0.016539841055275,89.7732621431351,-0.226737856864929
90,-4.0593978845,91.1417056550156,90.3663486935255,0.366348693525453,-0.064059756474547,89.7335439920425,-0.266456007957458
90,-3.7962276861,91.0676890367156,90.3425989445784,0.342598944578356,-0.087809505421644,89.7136849164963,-0.286315083503723
90,-4.4008130081,91.2377286585281,90.39715945338,0.397159453379999,-0.033248996620001,89.7592931985855,-0.24070680141449
90,-4.5616693578,91.2829695068812,90.41167573931,0.411675739310041,-0.018732710689959,89.7714221477509,-0.228577852249145
90,-2.7706524436,90.7792459997625,90.2500450363649,0.250045036364924,-0.180363413635076,89.6363300085068,-0.363669991493225
90,-3.2120263075,90.9033823989844,90.2898773835131,0.289877383513058,-0.140531066486942,89.6696215867996,-0.330378413200378
90,-2.1200943865,90.5962765462031,90.191334165383,0.191334165382997,-0.239074284617003,89.5872563123703,-0.4127436876297
90,-3.9583437578,91.1132841818813,90.3572290958183,0.357229095818312,-0.073179354181688,89.7259265184402,-0.274073481559753
90,-6.4912683238,91.8256692160687,90.585805402702,0.58580540270205,0.15539695270205,89.9170392751694,-0.082960724830628
90,-5.2658172778,91.4810111093813,90.4752200664622,0.475220066462214,0.044811616462214,89.8245513439178,-0.175448656082153
95,-64.9242891401164,108.259956320658,95.8390073239675,0.839007323967522,0.408598873967522,94.7663819789887,-0.233618021011353
95,-67.521471973783,108.990413992626,96.0708754632382,1.07087546323821,0.64046701323821,95.0122225284576,0.012222528457642
95,-66.1564612833269,108.606504735936,95.9490360918206,0.949036091820588,0.518627641820588,94.8826611042023,-0.11733889579773
95,-60.9799687010954,107.150616197183,95.4865061534036,0.486506153403639,0.056097703403639,94.3982326984406,-0.601767301559448
95,-66.0902488982682,108.587882502638,95.9431246639033,0.943124663903333,0.512716213903333,94.8764276504517,-0.12357234954834
95,-67.4832271486152,108.979657635548,96.0674625168072,1.06746251680724,0.63705406680724,95.0085747241974,0.008574724197388
95,-62.8554684883798,107.678100512357,95.6541718682165,0.654171868216537,0.223763418216537,94.5725011825562,-0.427498817443848
95,-62.2809351588736,107.516513013433,95.602819990871,0.602819990871041,0.172411540871041,94.5189535617828,-0.481046438217163
95,-62.9343003967995,107.7002719866,95.6612171672246,0.661217167224578,0.230808717224578,94.579861164093,-0.420138835906982
95,-64.2146443241833,108.060368716177,95.7756187933558,0.775618793355818,0.345210343355818,94.6996593475342,-0.30034065246582
95,-61.7566694169416,107.369063273515,95.5559531552715,0.555953155271467,0.125544705271467,94.4702124595642,-0.529787540435791
95,-63.4566499100105,107.84718278719,95.7078957993152,0.70789579931521,0.27748734931521,94.6286559104919,-0.371344089508057
95,-63.5038923791314,107.860469731631,95.7121171462624,0.712117146262443,0.281708696262443,94.6330869197845,-0.366913080215454
95,-63.6321854131203,107.89655214744,95.7235804457458,0.723580445745839,0.293171995745839,94.6450924873352,-0.354907512664795
95,-64.2732775624022,108.076859314426,95.7808567064897,0.780856706489672,0.350448256489672,94.7051739692688,-0.294826030731201
95,-64.7534675913576,108.211912760069,95.8237501124954,0.823750112495389,0.393341662495389,94.7503101825714,-0.249689817428589
95,-63.4687981768215,107.850599487231,95.7089813126382,0.708981312638201,0.278572862638201,94.6297931671143,-0.370206832885742
95,-66.1037172703839,108.591670482295,95.9443271276466,0.944327127646574,0.513918677646574,94.8777151107788,-0.122284889221191
95,-66.085601217656,108.586575342466,95.9427097151774,0.942709715177372,0.512301265177372,94.8759877681732,-0.124012231826782
95,-67.759497004411,109.057358532491,96.092115708509,1.09211570850896,0.66170725850896,95.0348818302155,0.034881830215454
95,-62.2610336640896,107.510915718025,95.6010410299004,0.601041029900372,0.170632579900372,94.5170974731445,-0.482902526855469
95,-64.857619047619,108.241205357143,95.8330526722324,0.833052672232355,0.402644222232355,94.7601270675659,-0.239872932434082
95,-66.8050466192867,108.788919361674,96.0069349156858,1.00693491568579,0.57652646568579,94.9441480636597,-0.055851936340332
95,-63.5436679890143,107.87165662191,95.7156712443729,0.715671244372857,0.285262794372857,94.6367883682251,-0.363211631774902
95,-63.5061711274441,107.861110629594,95.7123207620581,0.712320762058141,0.281912312058141,94.6332907676697,-0.366709232330322
95,-64.1780953032064,108.050089304027,95.7723536919078,0.772353691907753,0.341945241907753,94.6962368488312,-0.303763151168823
95,-65.5350335570469,108.431728187919,95.8935501690516,0.893550169051608,0.463141719051608,94.8239636421204,-0.176036357879639
95,-65.4690259740259,108.413163555195,95.8876558426677,0.887655842667712,0.457247392667712,94.8177194595337,-0.182280540466309
95,-65.4104362931783,108.396685207456,95.8824238132266,0.882423813226595,0.452015363226595,94.8122048377991,-0.187795162200928
95,-64.7281905767454,108.20480359971,95.8214923833397,0.821492383339731,0.391083933339731,94.7479283809662,-0.252071619033813
95,-60.4494584837544,107.001410198556,95.4390624298595,0.439062429859476,0.008653979859476,94.3492019176483,-0.650798082351685
95,-63.6866610466247,107.911873419363,95.7284478391615,0.728447839161518,0.298039389161518,94.6501779556274,-0.349822044372559
95,-64.9130261320566,108.256788599641,95.8380013751855,0.838001375185527,0.407592925185527,94.7653090953827,-0.23469090461731
95,-62.8472772277227,107.675796720297,95.6534397959173,0.65343979591735,0.22303134591735,94.5717287063599,-0.428271293640137
95,-65.5075862068965,108.42400862069,95.8910991985784,0.891099198578445,0.460690748578445,94.8213565349579,-0.178643465042114
95,-62.9158524426719,107.695083499501,95.659568467572,0.659568467572001,0.229160017572001,94.5781016349793,-0.421898365020752
95,-62.9135033808663,107.694422825869,95.6593585304805,0.659358530480461,0.228950080480461,94.5779085159302,-0.422091484069824
95,-64.9228347468517,108.259547272552,95.8388774259121,0.83887742591206,0.40846897591206,94.7662425041199,-0.233757495880127
95,-66.8262378692356,108.794879400723,96.0088264387945,1.0088264387945,0.5784179887945,94.9461543560028,-0.053845643997192
95,-66.6867922243081,108.755660313087,95.9963793310835,0.99637933108346,0.56597088108346,94.9329257011414,-0.067074298858643
95,-64.8488586884813,108.238741506135,95.8322702297218,0.8322702297218,0.4018617797218,94.7593009471893,-0.240699052810669
95,-66.6526457784045,108.746056625176,95.993331286301,0.993331286301029,0.562922836301029,94.9296963214874,-0.070303678512573
95,-65.4408784887901,108.405247074972,95.8851422984892,0.8851422984892,0.4547338484892,94.815069437027,-0.184930562973022
95,-65.5704436860068,108.441687286689,95.896712161097,0.896712161097014,0.466303711097014,94.8273003101349,-0.172699689865112
95,-63.6174557752341,107.892409436785,95.7222643395615,0.722264339561519,0.291855889561519,94.6437191963196,-0.35628080368042
95,-63.4985140198992,107.858957068097,95.7116365665527,0.711636566552727,0.281228116552727,94.6325933933258,-0.367406606674194
95,-65.496147513994,108.420791488311,95.8900777493771,0.890077749377085,0.459669299377085,94.820294380188,-0.179705619812012
95,-65.5697039748282,108.44147924292,95.8966461080246,0.896646108024612,0.466237658024612,94.8272252082825,-0.172774791717529
95,-63.4513212352753,107.845684097421,95.7074196521192,0.707419652119242,0.277011202119242,94.6281623840332,-0.371837615966797
95,-64.7466488787243,108.209994997141,95.82314107059,0.823141070590026,0.392732620590026,94.7496771812439,-0.250322818756104
95,-64.2616918844567,108.073600842503,95.7798217248646,0.779821724864604,0.349413274864604,94.7040796279907,-0.295920372009277
95,-67.560348876216,109.001348121436,96.0743447715632,1.07434477156318,0.64393632156318,95.0159347057343,0.015934705734253
95,-63.5711903540276,107.87939728707,95.718130443825,0.718130443824975,0.287721993824975,94.6393847465515,-0.360615253448486
95,-64.1161230931089,108.032659619937,95.7668173276142,0.766817327614149,0.336408877614149,94.690432548523,-0.309567451477051
95,-66.0431751311244,108.574643005629,95.9389218505586,0.938921850558586,0.508513400558586,94.8719751834869,-0.128024816513062
95,-64.107070442802,108.030113562038,95.7660085888177,0.766008588817641,0.335600138817641,94.6895742416382,-0.310425758361816
95,-64.1026735115674,108.028876925128,95.7656157782832,0.765615778283191,0.335207328283191,94.6891665458679,-0.31083345413208
95,-64.8168421052631,108.229736842105,95.8294106096998,0.829410609699792,0.399002159699792,94.7562646865845,-0.243735313415527
95,-62.2746370294231,107.514741664525,95.6022570128998,0.602257012899841,0.171848562899841,94.5183634757996,-0.481636524200439
95,-64.2294435909424,108.064531009953,95.7769408729842,0.776940872984184,0.346532422984184,94.7010540962219,-0.298945903778076
95,-62.9202715809893,107.696326382153,95.6599634082554,0.659963408255379,0.229554958255379,94.5785415172577,-0.42145848274231
95,-61.5016967196752,107.297352202409,95.5331571226694,0.533157122669365,0.102748672669365,94.4465446472168,-0.553455352783203
95,-66.0724374495561,108.582873032688,95.9415344398007,0.941534439800648,0.511125989800648,94.8747217655182,-0.125278234481812
95,-62.2131530734727,107.497449301914,95.5967610204785,0.596761020478468,0.166352570478468,94.5126450061798,-0.48735499382019
95,-65.513409703504,108.425646479111,95.8916192221071,0.891619222107124,0.461210772107124,94.8219466209412,-0.178053379058838
95,-65.0171076476984,108.286061525915,95.8472972154726,0.847297215472636,0.416888765472636,94.7751367092133,-0.224863290786743
95,-63.9640992633912,107.989902917829,95.7532356326785,0.753235632678496,0.322827182678496,94.6761846542358,-0.32381534576416
95,-63.5340597633531,107.868954308443,95.7148127178535,0.714812717853505,0.284404267853505,94.6358871459961,-0.364112854003906
95,-64.7901392345463,108.222226659716,95.8270255713943,0.827025571394287,0.396617121394287,94.7537541389465,-0.246245861053467
95,-64.1653146670155,108.046494750098,95.7712119267628,0.771211926762774,0.340803476762774,94.6950459480286,-0.304954051971436
95,-67.4662498405002,108.974882767641,96.065947457641,1.06594745764099,0.63553900764099,95.0069439411163,0.006943941116333
95,-66.2818241042345,108.641763029316,95.9602281100507,0.960228110050707,0.529819660050707,94.8945271968842,-0.105472803115845
95,-65.4620805586086,108.411210157109,95.887035625662,0.887035625662023,0.456627175662023,94.8170757293701,-0.182924270629883
100,-119.7465397924,123.678714316613,100.68143136968,0.681431369680183,0.251022919680183,100.299618244171,0.299618244171143
100,-113.1021168169,121.809970354753,100.101297803786,0.101297803786025,-0.329110646213975,99.6161806583405,-0.383819341659546
100,-120.8645418327,123.993152390447,100.77883156353,0.778831563530062,0.348423113530062,100.414019823074,0.414019823074341
100,-119.9445431222,123.734402753119,100.698685963053,0.698685963052739,0.268277513052739,100.31990647316,0.31990647315979
100,-113.5519140925,121.936475838516,100.140637709296,0.140637709295731,-0.289770740704269,99.6625936031342,-0.337406396865845
100,-119.5573596143,123.625507391522,100.664943820382,0.664943820381851,0.234535370381851,100.280241966248,0.280241966247559
100,-120.9408425456,124.01461196595,100.785476580874,0.785476580874217,0.355068130874217,100.421841144562,0.421841144561768
100,-112.8229692593,121.731460104178,100.076878320723,0.076878320722756,-0.353530129277244,99.5873630046845,-0.412636995315552
100,-119.3868737034,123.577558229081,100.650083994524,0.650083994523669,0.219675544523669,100.262764692307,0.262764692306519
100,-120.066983723,123.768839172094,100.709354815479,0.709354815478918,0.278946365478918,100.332416296005,0.332416296005249
100,-119.982720216,123.74514006075,100.702012601788,0.702012601788312,0.271604151788312,100.323833227158,0.323833227157593
100,-122.2226320333,124.375115259366,100.897063408538,0.897063408537747,0.466654958537747,100.552754402161,0.552754402160645
100,-113.7539213819,121.993290388659,100.158302410971,0.158302410971231,-0.272106039028769,99.6834290027618,-0.316570997238159
100,-121.5638724739,124.189839133284,100.83972516035,0.839725160349985,0.409316710349985,100.485516786575,0.485516786575317
100,-119.6973396373,123.664876772991,100.677143619056,0.677143619055755,0.246735169055755,100.294586420059,0.294586420059204
100,-113.7973714953,122.005510733053,100.162101688712,0.162101688711559,-0.268306761288441,99.6879136562347,-0.312086343765259
100,-119.5835392017,123.632870400478,100.667225546769,0.667225546769387,0.236817096769387,100.282956361771,0.28295636177063
100,-121.0012983266,124.031615154356,100.790741457064,0.790741457063604,0.360333007063604,100.42799949646,0.427999496459961
100,-120.6982221043,123.946374966834,100.764345787204,0.764345787203681,0.333937337203681,100.397003889084,0.397003889083862
100,-113.8197572573,122.011806728616,100.164059064402,0.164059064401485,-0.266349385598515,99.6902310848236,-0.309768915176392
100,-120.2385800225,123.817100631328,100.724305581429,0.72430558142942,0.29389713142942,100.349990129471,0.349990129470825
100,-120.8303447363,123.983534457084,100.775853248424,0.775853248424355,0.345444798424355,100.410554409027,0.4105544090271
100,-119.5604066206,123.626364362044,100.665209389149,0.665209389149112,0.234800939149112,100.280574560165,0.280574560165405
100,-113.751659777,121.992654312281,100.158104653776,0.158104653775709,-0.272303796224291,99.6832144260407,-0.316785573959351
100,-121.6926374524,124.226054283488,100.850934559841,0.850934559841221,0.420526109841221,100.498659610748,0.498659610748291
100,-116.541428283,122.777276704594,100.401857783892,0.401857783891742,-0.028550666108258,99.9705755710602,-0.029424428939819
100,-113.5450113747,121.934534449134,100.14003406074,0.140034060739495,-0.290374389260505,99.6618747711182,-0.338125228881836
100,-119.3719373497,123.573357379603,100.648782048852,0.648782048852254,0.218373598852254,100.261241197586,0.26124119758606
100,-113.2204508744,121.843251808425,100.111648402234,0.111648402233556,-0.318760047766444,99.6284008026123,-0.371599197387695
100,-120.871199044,123.995024731125,100.779411350725,0.779411350724729,0.349002900724729,100.414717197418,0.414717197418213
100,-120.2831644959,123.829640014472,100.728189875815,0.728189875814508,0.297781425814508,100.354549884796,0.354549884796143
100,-113.6770887055,121.971681198422,100.151583941102,0.151583941102388,-0.278824508897612,99.6755433082581,-0.324456691741943
100,-113.5192886274,121.927299926456,100.137784564526,0.137784564526285,-0.292623885473715,99.6592462062836,-0.340753793716431
100,-114.5046544603,122.204434066959,100.223933786391,0.223933786391441,-0.206474663608559,99.7608697414398,-0.239130258560181
100,-120.8656370656,123.9934604247,100.778926949271,0.778926949271039,0.348518499271039,100.414148569107,0.414148569107056
100,-121.664797593,124.218224323031,100.848511083047,0.848511083047143,0.418102633047143,100.495816469193,0.495816469192505
100,-119.5394360192,123.6204663804,100.663381639283,0.663381639283202,0.232973189283202,100.278396606445,0.278396606445312
100,-121.1819151964,124.082413648987,100.806469630874,0.806469630873977,0.376061180873977,100.446496009827,0.44649600982666
100,-122.1450689756,124.353300649388,100.890313486742,0.890313486741547,0.459905036741547,100.544815063477,0.544815063476563
100,-119.4823851775,123.604420831172,100.658409106719,0.658409106719233,0.228000656719233,100.272538661957,0.272538661956787
100,-118.8081551658,123.414793640381,100.599631155675,0.599631155674999,0.169222705674999,100.203423500061,0.203423500061035
100,-119.2900890129,123.550337534878,100.641647440251,0.641647440251447,0.211238990251447,100.252851247787,0.252851247787476
100,-120.1233779197,123.784700039916,100.714268466823,0.714268466823086,0.283860016823086,100.338220596313,0.338220596313477
100,-119.211043552,123.528105999,100.634756837618,0.634756837618312,0.204348387618312,100.244750976563,0.2447509765625
100,-121.6432988258,124.212177794756,100.846639575323,0.846639575323351,0.416231125323351,100.493627786636,0.493627786636353
100,-120.1655167608,123.796551588975,100.717939938631,0.717939938630892,0.287531488630892,100.342544317245,0.342544317245483
100,-120.6215125821,123.924800413716,100.757664228377,0.757664228377308,0.327255778377308,100.38917183876,0.389171838760376
100,-120.102322939,123.778778326594,100.712433955676,0.712433955676161,0.282025505676161,100.336085557938,0.336085557937622
100,-113.6358992061,121.960096651716,100.147982096811,0.147982096810892,-0.282426353189108,99.6712410449982,-0.328758955001831
100,-120.1988609397,123.805929639291,100.720845086233,0.720845086232515,0.290436636232515,100.345923900604,0.345923900604248
100,-120.1786901135,123.800256594422,100.719087687878,0.719087687877561,0.288679237877561,100.343842506409,0.343842506408691
100,-119.5265220012,123.616834312838,100.662256071957,0.662256071956506,0.231847621956506,100.277055501938,0.277055501937866
100,-119.8626483531,123.711369849309,100.691549649567,0.691549649567449,0.261141199567449,100.311473608017,0.311473608016968
100,-114.1873439348,122.115190481663,100.196196830865,0.196196830865404,-0.234211619134596,99.7281038761139,-0.271896123886108
100,-119.5884523403,123.634252220709,100.667653755891,0.667653755890939,0.237245305890939,100.283449888229,0.28344988822937
100,-120.144047619,123.790513392844,100.716069386951,0.71606938695129,0.28566093695129,100.340334177017,0.340334177017212
105,-174.4137449958,139.053865780069,105.361562495245,0.361562495245451,-0.068845954754549,105.424053668976,0.42405366897583
105,-172.2109266526,138.434323121044,105.176549798503,0.176549798502975,-0.253858651497025,105.242918729782,0.242918729782104
105,-174.081708391,138.960480484969,105.33369594442,0.333695944420228,-0.096712505579772,105.396931171417,0.396931171417236
105,-173.2622402254,138.730005063394,105.264889348549,0.264889348548721,-0.165519101451279,105.329693555832,0.329693555831909
105,-171.8485325865,138.332399789953,105.146081471785,0.146081471785337,-0.284326978214663,105.212910175323,0.212910175323486
105,-172.0273877731,138.382702811184,105.161119841498,0.161119841497637,-0.269288608502363,105.227748155594,0.227748155593872
105,-172.3165660213,138.464034193491,105.185429788199,0.185429788199428,-0.244978661800572,105.251705646515,0.251705646514893
105,-172.7572353157,138.587972432541,105.222464155566,0.22246415556593,-0.20794429443407,105.288097858429,0.288097858428955
105,-173.1169305008,138.68913670335,105.252683710874,0.252683710873683,-0.177724739126317,105.317741632462,0.317741632461548
105,-171.9003388097,138.346970290228,105.15043762432,0.150437624319508,-0.279970825680492,105.217201709747,0.217201709747314
105,-175.0274069282,139.226458198556,105.413045170848,0.413045170847511,-0.017363279152489,105.474060773849,0.474060773849487
105,-172.2419067215,138.443036265422,105.179154044174,0.179154044173785,-0.251254405826215,105.245525836945,0.24552583694458
105,-168.9756447927,137.524400097947,104.904233694797,-0.095766305202716,-0.526174755202716,104.972326755524,-0.027673244476318
105,-172.9091314883,138.630693231084,105.235226672147,0.235226672147377,-0.195181777852623,105.30061841011,0.300618410110474
105,-172.8709659251,138.619959166434,105.232020096839,0.232020096838511,-0.198388353161489,105.297485589981,0.297485589981079
105,-173.5827910797,138.820159991166,105.291809764587,0.291809764587086,-0.138598685412914,105.356022119522,0.356022119522095
105,-172.3469577952,138.4725818799,105.187984366349,0.187984366348644,-0.242424083651356,105.254184007645,0.254184007644653
105,-172.2023358016,138.4319069442,105.175827623257,0.175827623257121,-0.254580826742879,105.242199897766,0.242199897766113
105,-173.5233639144,138.803446100925,105.286819490167,0.286819490167034,-0.143588959832966,105.351204872131,0.351204872131348
105,-171.5882140275,138.259185195234,105.124189740471,0.124189740470513,-0.306218709529487,105.191237926483,0.191237926483154
105,-172.8444196867,138.612493036884,105.229789690551,0.229789690550518,-0.200618759449482,105.295296907425,0.295296907424927
105,-174.8558490566,139.178207547169,105.398655025401,0.398655025401325,-0.031753424598675,105.4600918293,0.460091829299927
105,-173.937630994,138.919958717063,105.321601770985,0.321601770984671,-0.108806679015329,105.385129451752,0.385129451751709
105,-175.1682721619,139.266076545534,105.424859351247,0.424859351247306,-0.005549098752694,105.485540628433,0.485540628433228
105,-173.6499759268,138.839055729413,105.297451188212,0.297451188212023,-0.132957261787977,105.361558198929,0.361558198928833
105,-172.7000637423,138.571892927522,105.217660123778,0.21766012377762,-0.21274832622238,105.283334255219,0.283334255218506
105,-173.9766567164,138.930934701488,105.3248778141,0.32487781410012,-0.10553063589988,105.388315916061,0.388315916061401
105,-170.4817463951,137.947991173622,105.031089914876,0.031089914875764,-0.399318535124236,105.099002122879,0.099002122879028
105,-174.7894143397,139.159522783041,105.393081996345,0.393081996344492,-0.037326453655508,105.45467376709,0.454673767089844
105,-169.7805479138,137.750779100756,104.972047916637,-0.027952083362621,-0.458360533362621,105.040143728256,0.040143728256226
105,-172.5611098239,138.532812137972,105.205983144676,0.205983144675557,-0.224425305324443,105.271886587143,0.271886587142944
105,-170.4608355956,137.942110011263,105.029329665108,0.029329665107554,-0.401078784892446,105.097210407257,0.09721040725708
105,-173.3077753132,138.742811806838,105.268713885124,0.268713885123802,-0.161694564876198,105.333437919617,0.333437919616699
105,-171.8368717111,138.329120168747,105.145100936444,0.145100936444209,-0.285307513555791,105.211923122406,0.211923122406006
105,-171.151983132,138.136495255875,105.087494361282,0.087494361281955,-0.342914088718045,105.15495300293,0.154953002929688
105,-176.429441437,139.620780404156,105.530571968159,0.530571968158654,0.100163518158654,105.58757185936,0.587571859359741
105,-174.2347566333,139.003525303116,105.346541617017,0.346541617017365,-0.083866832982635,105.409440994263,0.409440994262695
105,-173.8470412859,138.894480361659,105.31399675533,0.31399675533018,-0.11641169466982,105.377705097198,0.377705097198486
105,-173.3044577348,138.741878737912,105.268435243175,0.268435243175148,-0.161973206824852,105.333180427551,0.33318042755127
105,-172.2813920951,138.454141526747,105.182473169429,0.182473169428789,-0.247935280571211,105.248765945435,0.24876594543457
105,-173.3693128753,138.760119246178,105.273882263715,0.273882263714768,-0.156526186285232,105.338501930237,0.338501930236816
105,-174.5331936546,139.087460715356,105.371585539862,0.371585539862437,-0.058822910137563,105.43381690979,0.433816909790039
105,-172.2596869234,138.448036947206,105.180648653992,0.180648653992378,-0.249759796007622,105.246952772141,0.246952772140503
105,-176.574341836,139.661533641375,105.542710755942,0.542710755941641,0.112302305941641,105.599234104157,0.599234104156494
105,-172.1842122988,138.426809709038,105.17430408569,0.174304085689727,-0.256104364310273,105.240697860718,0.240697860717773
105,-171.6482229965,138.276062717766,105.129236651796,0.129236651795495,-0.301171798204505,105.196237564087,0.196237564086914
105,-171.913858581,138.350772725906,105.151574411634,0.151574411634229,-0.278834038365771,105.218263864517,0.218263864517212
105,-171.0764104332,138.115240434338,105.081135960012,0.081135960012418,-0.349272489987582,105.148590803146,0.148590803146362
105,-173.3982897447,138.768268990697,105.276315866876,0.276315866875919,-0.154092583124081,105.340883731842,0.340883731842041
105,-170.1604240694,137.857619269519,105.004038125141,0.004038125141136,-0.426370324858864,105.072008371353,0.07200837135315
105,-172.41223733,138.490941749063,105.193471223408,0.193471223407784,-0.236937226592216,105.259580612183,0.259580612182617
105,-173.0849609931,138.680145279309,105.249998165292,0.249998165291714,-0.180410284708286,105.315113067627,0.315113067626953
105,-172.523979222,138.522369156188,105.202862659045,0.202862659045451,-0.227545790954549,105.268828868866,0.268828868865967
105,-175.2017792422,139.275500411869,105.427669347794,0.427669347794165,-0.002739102205835,105.488233566284,0.48823356628418
105,-175.3454856541,139.315917840216,105.439720102696,0.439720102695759,0.009311652695759,105.499917268753,0.499917268753052
105,-173.9509731003,138.923711184459,105.322721795509,0.322721795508869,-0.107686654491131,105.386234521866,0.386234521865845
105,-173.6452828035,138.837735788484,105.297057122665,0.297057122664782,-0.133351327335218,105.361182689667,0.361182689666748
105,-176.1862663988,139.552387424663,105.510197175164,0.51019717516418,0.07978872516418,105.567981004715,0.567981004714966
105,-175.1267231894,139.254390897019,105.421374833731,0.421374833731107,-0.009033616268893,105.482161045074,0.482161045074463
105,-171.1873988439,138.146455924847,105.090473974529,0.090473974529189,-0.339934475470811,105.157903432846,0.157903432846069
105,-171.5496560878,138.248340774694,105.120946790026,0.120946790025513,-0.309461659974487,105.188072919846,0.188072919845581
105,-173.4912221472,138.7944062289,105.284120352124,0.28412035212412,-0.14628809787588,105.348544120789,0.348544120788574
105,-170.5178068153,137.958133166803,105.03412537603,0.034125376029721,-0.396283073970279,105.102006196976,0.102006196975708
105,-174.4437912814,139.062316297894,105.364083796866,0.36408379686597,-0.06632465313403,105.426564216614,0.42656421661377
105,-173.2188058841,138.717789154903,105.261241125874,0.261241125873894,-0.169167324126106,105.326142311096,0.326142311096191
105,-171.8004984424,138.318890186925,105.142042336236,0.142042336235647,-0.288366113764353,105.208929777145,0.208929777145386
105,-172.6541073253,138.558967685241,105.213798323956,0.213798323956397,-0.216610126043603,105.279579162598,0.279579162597656
105,-171.2333140618,138.159369579881,105.094336813328,0.094336813327502,-0.336071636672498,105.161722898483,0.161722898483276
105,-172.8151223776,138.6042531687,105.227328085319,0.227328085319371,-0.203080364680629,105.292861461639,0.292861461639404
105,-169.3962355798,137.642691256819,104.939674403806,-0.060325596194119,-0.490734046194119,105.007817745209,0.00781774520874
105,-174.05787443,138.953777183437,105.331695365947,0.331695365946942,-0.098713084053058,105.395010709763,0.395010709762573
105,-174.2519421537,139.008358730728,105.347983936519,0.347983936519427,-0.082424513480573,105.41083574295,0.410835742950439
105,-174.3478213448,139.035324753225,105.356030369635,0.356030369634496,-0.074378080365504,105.418710708618,0.418710708618164
105,-173.1339598185,138.693926198953,105.254114202501,0.254114202500688,-0.176294247499312,105.319114923477,0.319114923477173
105,-168.6059254096,137.42041652145,104.873069977878,-0.126930022122352,-0.557338472122352,104.941020011902,-0.058979988098145
105,-172.0824883888,138.39819985935,105.165752339908,0.165752339907925,-0.264656110092075,105.232286453247,0.23228645324707
105,-171.6820798279,138.285584951597,105.132083993849,0.13208399384888,-0.29832445615112,105.199059247971,0.199059247970581
105,-173.770711455,138.873012596719,105.307588428702,0.307588428701578,-0.122820021298422,105.37143945694,0.371439456939697
105,-172.1900940439,138.428463949847,105.174798532231,0.174798532231023,-0.255609917768977,105.241234302521,0.241234302520752
105,-165.2983336431,136.490156337122,104.593873490928,-0.406126509072237,-0.836534959072237,104.658304452896,-0.341695547103882
105,-170.2476885339,137.882162400159,105.011385506699,0.011385506699327,-0.419022943300673,105.079357624054,0.079357624053955
105,-172.9571700313,138.644204071303,105.239262611612,0.239262611612162,-0.191145838387838,105.304598808289,0.304598808288574
105,-172.6885287901,138.568648722216,105.216690834447,0.216690834446851,-0.213717615553149,105.28243303299,0.282433032989502
105,-173.4723950488,138.789111107475,105.282539294846,0.282539294846089,-0.147869155153911,105.346999168396,0.346999168395996
105,-170.912207018,138.069058223813,105.067319194504,0.067319194504165,-0.363089255495835,105.134932994843,0.134932994842529
105,-170.9576913362,138.081850688306,105.071146615924,0.071146615924477,-0.359261834075523,105.138773918152,0.138773918151855
105,-172.0057525167,138.376617895322,105.159300835525,0.159300835524618,-0.271107614475382,105.225924253464,0.225924253463745
105,-172.47714965,138.509198339063,105.19892693246,0.198926932460296,-0.231481517539704,105.264977216721,0.264977216720581
105,-172.7228658537,138.578306021353,105.219576173376,0.219576173375572,-0.210832276624428,105.285265445709,0.285265445709229
105,-170.3311705335,137.905641712547,105.018413944216,0.018413944215865,-0.411994505784135,105.086374282837,0.086374282836914
105,-170.7971360382,138.036694510744,105.057635569318,0.057635569317753,-0.372772880682247,105.125341415405,0.125341415405273
105,-175.2641097386,139.293030863981,105.432896353483,0.432896353483102,0.002487903483102,105.493340492249,0.493340492248535
105,-173.6521908219,138.839678668659,105.29763716488,0.297637164879802,-0.132771285120198,105.361751317978,0.361751317977905
105,-173.3456735341,138.753470681466,105.271896887505,0.271896887505164,-0.158511562494836,105.336538553238,0.336538553237915
105,-170.5018515448,137.953645746975,105.03278231848,0.032782318479576,-0.397626131520424,105.100675821304,0.100675821304321
105,-172.2220567328,138.4374534561,105.17748542238,0.177485422379974,-0.252923027620026,105.243852138519,0.243852138519287
105,-173.8257226912,138.8884845069,105.312206976661,0.312206976661272,-0.118201473338728,105.375977754593,0.375977754592895
105,-172.3423980223,138.471299443772,105.187601098941,0.187601098941201,-0.242807351058799,105.253829956055,0.253829956054687
105,-170.5298818624,137.9615292738,105.035141799023,0.03514179902318,-0.39526665097682,105.102982521057,0.102982521057129
105,-174.1549691857,138.981085083478,105.339845079767,0.339845079767286,-0.090563370232714,105.402960777283,0.402960777282715
105,-170.5002735064,137.953201923675,105.032649483938,0.032649483937547,-0.397758966062453,105.100504159927,0.100504159927368
105,-171.4161424332,138.210790059338,105.109716736818,0.109716736817575,-0.320691713182425,105.176947116852,0.176947116851807
105,-171.687333079,138.287062428469,105.132525782698,0.132525782698224,-0.297882667301776,105.199488401413,0.199488401412964
105,-169.108650388,137.561807921625,104.915442556199,-0.084557443800634,-0.514965893800634,104.983549118042,-0.016450881958008
105,-172.0427002847,138.387009455072,105.16240723742,0.162407237420354,-0.268001212579646,105.229003429413,0.229003429412842
105,-172.9595862246,138.644883625669,105.239465603059,0.239465603059415,-0.190942846940585,105.304781198502,0.304781198501587
110,-238.6187234043,157.111515957459,110.599003068323,0.599003068323086,0.168594618323086,109.568055868149,-0.431944131851196
110,-238.2617487895,157.011116847047,110.57076927079,0.57076927078964,0.14036082078964,109.550836086273,-0.449163913726807
110,-238.8107419909,157.165521184941,110.614185857803,0.614185857803363,0.183777407803363,109.57728266716,-0.422717332839966
110,-239.4470488082,157.344482477306,110.664476603472,0.664476603471783,0.234068153471783,109.607763290405,-0.392236709594727
110,-239.0974776668,157.246165593788,110.636852234469,0.636852234469316,0.206443784469316,109.591058492661,-0.408941507339478
110,-238.2822858935,157.016892907547,110.572393872483,0.572393872483403,0.141985422483403,109.551780223846,-0.448219776153564
110,-238.1751868299,156.986771295909,110.563921347638,0.563921347638072,0.133512897638072,109.546630382538,-0.453369617462158
110,-239.0375608506,157.229313989231,110.632116384463,0.632116384462705,0.201707934462705,109.588150978088,-0.411849021911621
110,-239.0409603735,157.230270105047,110.632385092052,0.63238509205155,0.20197664205155,109.588333368301,-0.411666631698608
110,-239.8819554615,157.466799973547,110.698830471145,0.698830471145428,0.268422021145428,109.628534317017,-0.371465682983398
110,-236.5920096852,156.541502723963,110.438567864165,0.438567864165478,0.008159414165478,109.469500780106,-0.530499219894409
110,-237.889469957,156.906413425406,110.541313905792,0.541313905791498,0.110905455791498,109.532800912857,-0.467199087142944
110,-237.2573735199,156.728636302472,110.491275311419,0.491275311419287,0.060866861419287,109.50205206871,-0.497947931289673
110,-236.2393035354,156.442304119331,110.410613232191,0.410613232191338,-0.019795217808662,109.452130794525,-0.547869205474854
110,-237.4166572749,156.773434858566,110.503887759337,0.503887759337488,0.073479309337488,109.509819746017,-0.490180253982544
110,-240.1605473965,157.545153955266,110.720828652125,0.720828652125363,0.290420202125363,109.641741514206,-0.358258485794067
110,-237.4673960613,156.787705142241,110.507904935208,0.507904935208245,0.077496485208245,109.512298107147,-0.487701892852783
110,-238.8730061006,157.183032965794,110.619108392324,0.619108392323938,0.188699942323938,109.580276012421,-0.419723987579346
110,-241.5739146476,157.942663494637,110.832332490691,0.832332490690618,0.401924040690618,109.708367586136,-0.291632413864136
110,-238.0512163892,156.951904609463,110.554112967133,0.554112967133307,0.123704517133307,109.540632963181,-0.459367036819458
110,-239.7943120939,157.442150276409,110.691908653748,0.691908653748413,0.261500203748413,109.624328613281,-0.37567138671875
110,-241.437081577,157.904179193531,110.821544612327,0.821544612327003,0.391136162327003,109.7019302845,-0.298069715499878
110,-239.186394403,157.271173425844,110.643879706765,0.643879706765176,0.213471256765176,109.595296382904,-0.404703617095947
110,-237.6712217342,156.845031112744,110.524040438089,0.524040438088619,0.093631988088619,109.522211551666,-0.47778844833374
110,-238.3337432916,157.031365300762,110.576464293382,0.576464293381591,0.146055843381591,109.55430150032,-0.445698499679565
110,-238.2512657546,157.008168493481,110.569939989797,0.569939989796623,0.139531539796623,109.550310373306,-0.449689626693726
110,-239.81826092,157.44888588375,110.693800124875,0.693800124874969,0.263391674874969,109.62547659874,-0.374523401260376
110,-238.1937405181,156.991989520716,110.565389183026,0.565389183025758,0.134980733025758,109.547520875931,-0.452479124069214
110,-238.6078280044,157.108451626238,110.59814148517,0.598141485170174,0.167733035170174,109.567519426346,-0.432480573654175
110,-237.3926483326,156.766682343544,110.501986809862,0.501986809861961,0.071578359861961,109.508650302887,-0.491349697113037
110,-239.2801554431,157.297543718372,110.651289341798,0.651289341798474,0.220880891798474,109.599770307541,-0.400229692459106
110,-238.6485846575,157.119914434922,110.601364377588,0.601364377588482,0.170955927588482,109.569514989853,-0.430485010147095
110,-237.6844065418,156.848739339881,110.525084073203,0.525084073203118,0.094675623203118,109.52285528183,-0.477144718170166
110,-238.3610965784,157.039058412675,110.57862792479,0.578627924789743,0.148219474789743,109.555621147156,-0.444378852844238
110,-236.2965791914,156.458412897581,110.415153452223,0.415153452223251,-0.015254997776749,109.454931020737,-0.545068979263306
110,-237.6931063355,156.851186156859,110.525772692082,0.525772692081858,0.095364242081858,109.523241519928,-0.476758480072022
110,-239.4094838879,157.333917343472,110.661508569838,0.661508569838233,0.231100119838233,109.605993032455,-0.394006967544556
110,-236.9936969318,156.654477262069,110.470392241704,0.470392241704104,0.039983791704104,109.489177465439,-0.510822534561157
110,-239.4015313591,157.331680694747,110.660880219465,0.660880219465369,0.230471769465369,109.605574607849,-0.394425392150879
110,-234.8935044929,156.063798138628,110.303855249809,0.303855249809345,-0.126553200190655,109.385375976563,-0.6146240234375
110,-237.4499780123,156.782806315959,110.506525908113,0.50652590811336,0.07611745811336,109.511461257935,-0.48853874206543
110,-236.2683190822,156.450464741869,110.412913317304,0.412913317303648,-0.017495132696352,109.453568458557,-0.546431541442871
110,-238.5582663773,157.094512418616,110.594222142839,0.594222142838774,0.163813692838774,109.565126895905,-0.434873104095459
110,-238.931559813,157.199501197406,110.623737296418,0.62373729641844,0.19332884641844,109.58310842514,-0.416891574859619
110,-238.8696855624,157.182099064425,110.618845882126,0.618845882125868,0.188437432125868,109.580125808716,-0.41987419128418
110,-238.4163018784,157.0545849033,110.582994449757,0.582994449756939,0.152585999756939,109.558271169662,-0.441728830337524
110,-239.355513308,157.318738117875,110.657244109266,0.657244109265861,0.226835659265861,109.603396654129,-0.396603345870972
110,-237.2662705309,156.731138586816,110.491979851602,0.491979851602238,0.061571401602238,109.502470493317,-0.49752950668335
110,-237.0855841709,156.680320548066,110.477670316036,0.477670316035841,0.047261866035841,109.493629932404,-0.506370067596436
110,-237.0998418671,156.684330525122,110.478799557576,0.478799557575513,0.048391107575513,109.494338035584,-0.505661964416504
110,-236.4914178716,156.513211276388,110.430596237032,0.43059623703175,0.00018778703175,109.464522600174,-0.53547739982605
110,-239.652690693,157.402319257406,110.680722473677,0.680722473677292,0.250314023677292,109.617590904236,-0.38240909576416
110,-238.1179208689,156.970665244378,110.559390695592,0.559390695592299,0.128982245592299,109.543851613998,-0.456148386001587
110,-239.7713920817,157.435704022978,110.690098393861,0.690098393861433,0.259689943861433,109.623255729675,-0.376744270324707
110,-236.9267491,156.635648184375,110.465089097939,0.465089097938844,0.034680647938844,109.485905170441,-0.514094829559326
110,-238.933189536,157.199959557,110.623866128484,0.623866128484366,0.193457678484366,109.583151340485,-0.416848659515381
110,-235.6359634822,156.272614729369,110.362770429565,0.362770429565074,-0.067638020434926,109.422293901444,-0.577706098556519
110,-236.698482933,156.571448324906,110.447004678469,0.447004678469298,0.016596228469298,109.474704265595,-0.525295734405518
110,-239.9160301179,157.476383470659,110.701521417487,0.701521417486958,0.271112967486958,109.630100727081,-0.369899272918701
110,-236.3899117971,156.484662692934,110.422551319536,0.422551319536495,-0.007857130463505,109.45952296257,-0.54047703742981
110,-236.9090362762,156.630666452681,110.463685949367,0.463685949366905,0.033277499366905,109.485014677048,-0.514985322952271
110,-234.9062819826,156.067391807606,110.30486954144,0.30486954143997,-0.12553890856003,109.38600897789,-0.613991022109985
110,-236.689288314,156.568862338313,110.446276144265,0.446276144264772,0.015867694264772,109.474264383316,-0.52573561668396
110,-237.923376768,156.915949716,110.543997143174,0.543997143173812,0.113588693173812,109.534474611282,-0.465525388717651
110,-239.7891956374,157.440711273019,110.691504551428,0.691504551428082,0.261096101428082,109.624092578888,-0.375907421112061
